event_id,basin_id,basin_name,event_type,start_date,end_date,duration_months,peak_intensity,mean_intensity,total_intensity,lag_month,from_event_type,to_event_type,start_year,start_month,end_year,end_month
EVT00001,jialing,嘉陵江流域,FTD,2001-01-01,2001-03-01,3,5.455316627460145,5.455316627460145,5.455316627460145,2,flood_or_wet,drought,2001,1,2001,3
EVT00002,jialing,嘉陵江流域,flood_or_wet,2001-01-01,2001-02-01,2,2.325128623373172,1.6731867541932917,3.3463735083865833,,,,2001,1,2001,2
EVT00003,jialing,嘉陵江流域,FTD,2001-02-01,2001-03-01,2,4.151432889100384,4.151432889100384,4.151432889100384,1,flood_or_wet,drought,2001,2,2001,3
EVT00004,jialing,嘉陵江流域,drought,2001-03-01,2001-03-01,1,3.130188004086973,3.130188004086973,3.130188004086973,,,,2001,3,2001,3
EVT00005,jialing,嘉陵江流域,drought,2001-05-01,2001-05-01,1,4.278547936885928,4.278547936885928,4.278547936885928,,,,2001,5,2001,5
EVT00006,jialing,嘉陵江流域,DTF,2001-07-01,2001-09-01,3,5.145623423011792,5.145623423011792,5.145623423011792,2,drought,flood_or_wet,2001,7,2001,9
EVT00007,jialing,嘉陵江流域,drought,2001-07-01,2001-07-01,1,3.322960430238182,3.322960430238182,3.322960430238182,,,,2001,7,2001,7
EVT00008,jialing,嘉陵江流域,flood_or_wet,2001-09-01,2001-10-01,2,1.82266299277361,1.4470796312389873,2.8941592624779746,,,,2001,9,2001,10
EVT00009,jialing,嘉陵江流域,flood_or_wet,2001-12-01,2001-12-01,1,1.7953033335736692,1.7953033335736692,1.7953033335736692,,,,2001,12,2001,12
EVT00010,jialing,嘉陵江流域,flood_or_wet,2002-02-01,2002-02-01,1,1.4102574934627767,1.4102574934627767,1.4102574934627767,,,,2002,2,2002,2
EVT00011,jialing,嘉陵江流域,FTD,2002-05-01,2002-07-01,3,6.186637504134565,6.186637504134565,6.186637504134565,2,flood_or_wet,drought,2002,5,2002,7
EVT00012,jialing,嘉陵江流域,flood_or_wet,2002-05-01,2002-06-01,2,2.9930253204826607,2.951715079215913,5.903430158431826,,,,2002,5,2002,6
EVT00013,jialing,嘉陵江流域,FTD,2002-06-01,2002-07-01,2,6.269257986668061,6.269257986668061,6.269257986668061,1,flood_or_wet,drought,2002,6,2002,7
EVT00014,jialing,嘉陵江流域,drought,2002-07-01,2002-07-01,1,3.2762326661854004,3.2762326661854004,3.2762326661854004,,,,2002,7,2002,7
EVT00015,jialing,嘉陵江流域,drought,2002-09-01,2002-10-01,2,4.819034618926766,3.638621648431955,7.27724329686391,,,,2002,9,2002,10
EVT00016,jialing,嘉陵江流域,DTF,2002-10-01,2002-12-01,3,4.199100795117592,4.199100795117592,4.199100795117592,2,drought,flood_or_wet,2002,10,2002,12
EVT00017,jialing,嘉陵江流域,flood_or_wet,2002-12-01,2003-01-01,2,1.7408921171804481,1.5630377773227768,3.1260755546455536,,,,2002,12,2003,1
EVT00018,jialing,嘉陵江流域,FTD,2003-01-01,2003-03-01,3,3.0016681237663763,3.0016681237663763,3.0016681237663763,2,flood_or_wet,drought,2003,1,2003,3
EVT00019,jialing,嘉陵江流域,DTF,2003-03-01,2003-05-01,3,3.09589584665692,3.09589584665692,3.09589584665692,2,drought,flood_or_wet,2003,3,2003,5
EVT00020,jialing,嘉陵江流域,drought,2003-03-01,2003-03-01,1,1.616484686301271,1.616484686301271,1.616484686301271,,,,2003,3,2003,3
EVT00021,jialing,嘉陵江流域,flood_or_wet,2003-03-01,2003-03-01,1,1.0199717621327873,1.0199717621327873,1.0199717621327873,,,,2003,3,2003,3
EVT00022,jialing,嘉陵江流域,flood_or_wet,2003-05-01,2003-05-01,1,1.4794111603556495,1.4794111603556495,1.4794111603556495,,,,2003,5,2003,5
EVT00023,jialing,嘉陵江流域,flood_or_wet,2003-07-01,2003-08-01,2,2.5715558579093614,2.0052645724387848,4.0105291448775695,,,,2003,7,2003,8
EVT00024,jialing,嘉陵江流域,flood_or_wet,2003-11-01,2003-12-01,2,2.235749461373838,2.156705050877385,4.31341010175477,,,,2003,11,2003,12
EVT00025,jialing,嘉陵江流域,flood_or_wet,2004-03-01,2004-03-01,1,1.2655190827694447,1.2655190827694447,1.2655190827694447,,,,2004,3,2004,3
EVT00026,jialing,嘉陵江流域,drought,2004-07-01,2004-07-01,1,1.826944557202415,1.826944557202415,1.826944557202415,,,,2004,7,2004,7
EVT00027,jialing,嘉陵江流域,flood_or_wet,2004-11-01,2005-02-01,4,3.817875870350437,2.7215232719563653,10.886093087825461,,,,2004,11,2005,2
EVT00028,jialing,嘉陵江流域,flood_or_wet,2005-08-01,2005-08-01,1,1.669157726782696,1.669157726782696,1.669157726782696,,,,2005,8,2005,8
EVT00029,jialing,嘉陵江流域,DTF,2005-12-01,2006-02-01,3,7.223893190244329,7.223893190244329,7.223893190244329,2,drought,flood_or_wet,2005,12,2006,2
EVT00030,jialing,嘉陵江流域,drought,2005-12-01,2005-12-01,1,1.8058759749280155,1.8058759749280155,1.8058759749280155,,,,2005,12,2005,12
EVT00031,jialing,嘉陵江流域,flood_or_wet,2006-02-01,2006-02-01,1,5.418017215316314,5.418017215316314,5.418017215316314,,,,2006,2,2006,2
EVT00032,jialing,嘉陵江流域,drought,2006-06-01,2006-06-01,1,3.758728146099192,3.758728146099192,3.758728146099192,,,,2006,6,2006,6
EVT00033,jialing,嘉陵江流域,drought,2006-08-01,2006-09-01,2,4.5163127875018425,3.049694471918217,6.099388943836434,,,,2006,8,2006,9
EVT00034,jialing,嘉陵江流域,drought,2006-11-01,2006-11-01,1,1.994494271058844,1.994494271058844,1.994494271058844,,,,2006,11,2006,11
EVT00035,jialing,嘉陵江流域,drought,2007-02-01,2007-02-01,1,2.0570439815880963,2.0570439815880963,2.0570439815880963,,,,2007,2,2007,2
EVT00036,jialing,嘉陵江流域,drought,2007-04-01,2007-05-01,2,2.727260566330295,1.991327537686125,3.98265507537225,,,,2007,4,2007,5
EVT00037,jialing,嘉陵江流域,DTF,2007-05-01,2007-07-01,3,5.920335150626298,5.920335150626298,5.920335150626298,2,drought,flood_or_wet,2007,5,2007,7
EVT00038,jialing,嘉陵江流域,FTD,2007-07-01,2007-09-01,3,5.269090505817065,5.269090505817065,5.269090505817065,2,flood_or_wet,drought,2007,7,2007,9
EVT00039,jialing,嘉陵江流域,flood_or_wet,2007-07-01,2007-07-01,1,3.193074584296003,3.193074584296003,3.193074584296003,,,,2007,7,2007,7
EVT00040,jialing,嘉陵江流域,drought,2007-09-01,2007-09-01,1,2.0760159215210616,2.0760159215210616,2.0760159215210616,,,,2007,9,2007,9
EVT00041,jialing,嘉陵江流域,drought,2007-11-01,2007-11-01,1,2.911106257146498,2.911106257146498,2.911106257146498,,,,2007,11,2007,11
EVT00042,jialing,嘉陵江流域,drought,2008-05-01,2008-06-01,2,3.005074397722152,2.014086999976603,4.028173999953206,,,,2008,5,2008,6
EVT00043,jialing,嘉陵江流域,drought,2008-12-01,2009-01-01,2,2.5566492772200853,1.9639240131742521,3.9278480263485043,,,,2008,12,2009,1
EVT00044,jialing,嘉陵江流域,drought,2009-06-01,2009-06-01,1,2.6422541879130232,2.6422541879130232,2.6422541879130232,,,,2009,6,2009,6
EVT00045,jialing,嘉陵江流域,drought,2010-01-01,2010-01-01,1,2.0497344535455198,2.0497344535455198,2.0497344535455198,,,,2010,1,2010,1
EVT00046,jialing,嘉陵江流域,DTF,2010-06-01,2010-07-01,2,4.6822184875901005,4.6822184875901005,4.6822184875901005,1,drought,flood_or_wet,2010,6,2010,7
EVT00047,jialing,嘉陵江流域,drought,2010-06-01,2010-06-01,1,2.395532436952122,2.395532436952122,2.395532436952122,,,,2010,6,2010,6
EVT00048,jialing,嘉陵江流域,flood_or_wet,2010-07-01,2010-08-01,2,2.2866860506379787,2.0673624064153833,4.1347248128307665,,,,2010,7,2010,8
EVT00049,jialing,嘉陵江流域,FTD,2010-08-01,2010-10-01,3,3.492629513192458,3.492629513192458,3.492629513192458,2,flood_or_wet,drought,2010,8,2010,10
EVT00050,jialing,嘉陵江流域,drought,2010-10-01,2010-12-01,3,3.2615777236229286,2.3733656103876224,7.120096831162867,,,,2010,10,2010,12
EVT00051,jialing,嘉陵江流域,DTF,2011-03-01,2011-05-01,3,3.6469722375272817,3.6469722375272817,3.6469722375272817,2,drought,flood_or_wet,2011,3,2011,5
EVT00052,jialing,嘉陵江流域,drought,2011-03-01,2011-04-01,2,4.241632809196982,3.0695015619022374,6.139003123804475,,,,2011,3,2011,4
EVT00053,jialing,嘉陵江流域,DTF,2011-04-01,2011-05-01,2,5.991234732116771,5.991234732116771,5.991234732116771,1,drought,flood_or_wet,2011,4,2011,5
EVT00054,jialing,嘉陵江流域,flood_or_wet,2011-05-01,2011-05-01,1,1.7496019229197888,1.7496019229197888,1.7496019229197888,,,,2011,5,2011,5
EVT00055,jialing,嘉陵江流域,flood_or_wet,2011-09-01,2011-09-01,1,1.8954881591126878,1.8954881591126878,1.8954881591126878,,,,2011,9,2011,9
EVT00056,jialing,嘉陵江流域,flood_or_wet,2011-11-01,2011-11-01,1,4.338335460958141,4.338335460958141,4.338335460958141,,,,2011,11,2011,11
EVT00057,jialing,嘉陵江流域,drought,2012-03-01,2012-04-01,2,3.477201435670299,2.6591691910810544,5.318338382162109,,,,2012,3,2012,4
EVT00058,jialing,嘉陵江流域,DTF,2012-06-01,2012-07-01,2,4.735827433651375,4.735827433651375,4.735827433651375,1,drought,flood_or_wet,2012,6,2012,7
EVT00059,jialing,嘉陵江流域,drought,2012-06-01,2012-06-01,1,2.3863212436240215,2.3863212436240215,2.3863212436240215,,,,2012,6,2012,6
EVT00060,jialing,嘉陵江流域,flood_or_wet,2012-07-01,2012-07-01,1,2.349506190027353,2.349506190027353,2.349506190027353,,,,2012,7,2012,7
EVT00061,jialing,嘉陵江流域,drought,2012-11-01,2012-11-01,1,1.9216737497299037,1.9216737497299037,1.9216737497299037,,,,2012,11,2012,11
EVT00062,jialing,嘉陵江流域,drought,2013-01-01,2013-01-01,1,2.6578685669338435,2.6578685669338435,2.6578685669338435,,,,2013,1,2013,1
EVT00063,jialing,嘉陵江流域,DTF,2013-03-01,2013-05-01,3,7.420784230467677,7.420784230467677,7.420784230467677,2,drought,flood_or_wet,2013,3,2013,5
EVT00064,jialing,嘉陵江流域,drought,2013-03-01,2013-04-01,2,4.765269379231825,4.098523934644416,8.197047869288832,,,,2013,3,2013,4
EVT00065,jialing,嘉陵江流域,DTF,2013-04-01,2013-05-01,2,6.087293341292861,6.087293341292861,6.087293341292861,1,drought,flood_or_wet,2013,4,2013,5
EVT00066,jialing,嘉陵江流域,flood_or_wet,2013-05-01,2013-07-01,3,2.6555148512358526,2.2841291393272756,6.852387417981827,,,,2013,5,2013,7
EVT00067,jialing,嘉陵江流域,drought,2013-10-01,2013-10-01,1,3.4673886325430767,3.4673886325430767,3.4673886325430767,,,,2013,10,2013,10
EVT00068,jialing,嘉陵江流域,drought,2013-12-01,2014-01-01,2,4.047809768844623,2.6698388145787493,5.3396776291574986,,,,2013,12,2014,1
EVT00069,jialing,嘉陵江流域,FTD,2014-06-01,2014-07-01,2,3.2381445074845434,3.2381445074845434,3.2381445074845434,1,flood_or_wet,drought,2014,6,2014,7
EVT00070,jialing,嘉陵江流域,flood_or_wet,2014-06-01,2014-06-01,1,1.2913647201715281,1.2913647201715281,1.2913647201715281,,,,2014,6,2014,6
EVT00071,jialing,嘉陵江流域,DTF,2014-07-01,2014-09-01,3,4.816527880156018,4.816527880156018,4.816527880156018,2,drought,flood_or_wet,2014,7,2014,9
EVT00072,jialing,嘉陵江流域,drought,2014-07-01,2014-07-01,1,1.946779787313015,1.946779787313015,1.946779787313015,,,,2014,7,2014,7
EVT00073,jialing,嘉陵江流域,flood_or_wet,2014-09-01,2014-09-01,1,2.869748092843003,2.869748092843003,2.869748092843003,,,,2014,9,2014,9
EVT00074,jialing,嘉陵江流域,FTD,2014-11-01,2015-01-01,3,2.2112091791808854,2.2112091791808854,2.2112091791808854,2,flood_or_wet,drought,2014,11,2015,1
EVT00075,jialing,嘉陵江流域,flood_or_wet,2014-11-01,2014-11-01,1,1.1111475959812547,1.1111475959812547,1.1111475959812547,,,,2014,11,2014,11
EVT00076,jialing,嘉陵江流域,drought,2015-01-01,2015-01-01,1,1.100061583199631,1.100061583199631,1.100061583199631,,,,2015,1,2015,1
EVT00077,jialing,嘉陵江流域,FTD,2015-06-01,2015-07-01,2,4.6685283593931794,4.6685283593931794,4.6685283593931794,1,flood_or_wet,drought,2015,6,2015,7
EVT00078,jialing,嘉陵江流域,flood_or_wet,2015-06-01,2015-06-01,1,2.428646265629367,2.428646265629367,2.428646265629367,,,,2015,6,2015,6
EVT00079,jialing,嘉陵江流域,DTF,2015-07-01,2015-09-01,3,3.797299556767196,3.797299556767196,3.797299556767196,2,drought,flood_or_wet,2015,7,2015,9
EVT00080,jialing,嘉陵江流域,drought,2015-07-01,2015-07-01,1,2.2398820937638124,2.2398820937638124,2.2398820937638124,,,,2015,7,2015,7
EVT00081,jialing,嘉陵江流域,flood_or_wet,2015-09-01,2015-09-01,1,1.5574174630033837,1.5574174630033837,1.5574174630033837,,,,2015,9,2015,9
EVT00082,jialing,嘉陵江流域,flood_or_wet,2015-11-01,2015-11-01,1,1.6685068857952297,1.6685068857952297,1.6685068857952297,,,,2015,11,2015,11
EVT00083,jialing,嘉陵江流域,flood_or_wet,2016-01-01,2016-01-01,1,2.4581259309068804,2.4581259309068804,2.4581259309068804,,,,2016,1,2016,1
EVT00084,jialing,嘉陵江流域,FTD,2016-05-01,2016-06-01,2,3.4362631800987664,3.4362631800987664,3.4362631800987664,1,flood_or_wet,drought,2016,5,2016,6
EVT00085,jialing,嘉陵江流域,flood_or_wet,2016-05-01,2016-05-01,1,1.9088364607498045,1.9088364607498045,1.9088364607498045,,,,2016,5,2016,5
EVT00086,jialing,嘉陵江流域,drought,2016-06-01,2016-06-01,1,1.527426719348962,1.527426719348962,1.527426719348962,,,,2016,6,2016,6
EVT00087,jialing,嘉陵江流域,drought,2016-08-01,2016-09-01,2,2.477124587432996,2.2407673823420358,4.4815347646840715,,,,2016,8,2016,9
EVT00088,jialing,嘉陵江流域,flood_or_wet,2017-02-01,2017-03-01,2,3.308374432809833,3.0395725049260784,6.079145009852157,,,,2017,2,2017,3
EVT00089,jialing,嘉陵江流域,drought,2017-07-01,2017-07-01,1,2.2885734252071757,2.2885734252071757,2.2885734252071757,,,,2017,7,2017,7
EVT00090,jialing,嘉陵江流域,FTD,2017-10-01,2017-11-01,2,4.041562760408779,4.041562760408779,4.041562760408779,1,flood_or_wet,drought,2017,10,2017,11
EVT00091,jialing,嘉陵江流域,flood_or_wet,2017-10-01,2017-10-01,1,2.2009986690775607,2.2009986690775607,2.2009986690775607,,,,2017,10,2017,10
EVT00092,jialing,嘉陵江流域,DTF,2017-11-01,2018-01-01,3,3.9635249963516195,3.9635249963516195,3.9635249963516195,2,drought,flood_or_wet,2017,11,2018,1
EVT00093,jialing,嘉陵江流域,drought,2017-11-01,2018-02-01,4,3.3857199431546467,2.064287291283484,8.257149165133937,,,,2017,11,2018,2
EVT00094,jialing,嘉陵江流域,DTF,2017-12-01,2018-01-01,2,5.5086808481750476,5.5086808481750476,5.5086808481750476,1,drought,flood_or_wet,2017,12,2018,1
EVT00095,jialing,嘉陵江流域,FTD,2018-01-01,2018-02-01,2,3.9053911574760702,3.9053911574760702,3.9053911574760702,1,flood_or_wet,drought,2018,1,2018,2
EVT00096,jialing,嘉陵江流域,flood_or_wet,2018-01-01,2018-01-01,1,2.122960905020401,2.122960905020401,2.122960905020401,,,,2018,1,2018,1
EVT00097,jialing,嘉陵江流域,DTF,2018-02-01,2018-04-01,3,3.640567521466115,3.640567521466115,3.640567521466115,2,drought,flood_or_wet,2018,2,2018,4
EVT00098,jialing,嘉陵江流域,flood_or_wet,2018-04-01,2018-04-01,1,1.8581372690104458,1.8581372690104458,1.8581372690104458,,,,2018,4,2018,4
EVT00099,jialing,嘉陵江流域,DTF,2018-10-01,2018-12-01,3,4.985007996949917,4.985007996949917,4.985007996949917,2,drought,flood_or_wet,2018,10,2018,12
EVT00100,jialing,嘉陵江流域,drought,2018-10-01,2018-10-01,1,2.0016239101272593,2.0016239101272593,2.0016239101272593,,,,2018,10,2018,10
EVT00101,jialing,嘉陵江流域,flood_or_wet,2018-12-01,2018-12-01,1,2.9833840868226575,2.9833840868226575,2.9833840868226575,,,,2018,12,2018,12
EVT00102,jialing,嘉陵江流域,flood_or_wet,2019-05-01,2019-06-01,2,2.0892286184273416,1.6361059524390857,3.2722119048781715,,,,2019,5,2019,6
EVT00103,jialing,嘉陵江流域,flood_or_wet,2019-10-01,2019-10-01,1,4.143170889881899,4.143170889881899,4.143170889881899,,,,2019,10,2019,10
EVT00104,jialing,嘉陵江流域,DTF,2020-05-01,2020-06-01,2,4.621316586778109,4.621316586778109,4.621316586778109,1,drought,flood_or_wet,2020,5,2020,6
EVT00105,jialing,嘉陵江流域,drought,2020-05-01,2020-05-01,1,2.0168233764878964,2.0168233764878964,2.0168233764878964,,,,2020,5,2020,5
EVT00106,jialing,嘉陵江流域,flood_or_wet,2020-06-01,2020-08-01,3,2.858835361695468,2.433109900280652,7.299329700841957,,,,2020,6,2020,8
EVT00107,jialing,嘉陵江流域,FTD,2020-07-01,2020-09-01,3,4.044832946332528,4.044832946332528,4.044832946332528,2,flood_or_wet,drought,2020,7,2020,9
EVT00108,jialing,嘉陵江流域,FTD,2020-08-01,2020-09-01,2,5.067667179171719,5.067667179171719,5.067667179171719,1,flood_or_wet,drought,2020,8,2020,9
EVT00109,jialing,嘉陵江流域,DTF,2020-09-01,2020-10-01,2,3.780416368763274,3.780416368763274,3.780416368763274,1,drought,flood_or_wet,2020,9,2020,10
EVT00110,jialing,嘉陵江流域,drought,2020-09-01,2020-09-01,1,2.208831817476252,2.208831817476252,2.208831817476252,,,,2020,9,2020,9
EVT00111,jialing,嘉陵江流域,flood_or_wet,2020-10-01,2020-10-01,1,1.5715845512870221,1.5715845512870221,1.5715845512870221,,,,2020,10,2020,10
EVT00112,jialing,嘉陵江流域,DTF,2021-02-01,2021-04-01,3,3.0758696141396182,3.0758696141396182,3.0758696141396182,2,drought,flood_or_wet,2021,2,2021,4
EVT00113,jialing,嘉陵江流域,drought,2021-02-01,2021-02-01,1,1.4100820181649656,1.4100820181649656,1.4100820181649656,,,,2021,2,2021,2
EVT00114,jialing,嘉陵江流域,flood_or_wet,2021-04-01,2021-04-01,1,1.6657875959746526,1.6657875959746526,1.6657875959746526,,,,2021,4,2021,4
EVT00115,jialing,嘉陵江流域,flood_or_wet,2021-08-01,2021-10-01,3,3.3905786094258716,3.112594204051899,9.337782612155697,,,,2021,8,2021,10
EVT00116,jialing,嘉陵江流域,flood_or_wet,2022-04-01,2022-05-01,2,3.6516535600883726,2.422045976733812,4.844091953467624,,,,2022,4,2022,5
EVT00117,jialing,嘉陵江流域,FTD,2022-05-01,2022-07-01,3,3.41320189019362,3.41320189019362,3.41320189019362,2,flood_or_wet,drought,2022,5,2022,7
EVT00118,jialing,嘉陵江流域,drought,2022-07-01,2022-09-01,3,4.423334531811219,3.0037897076693816,9.011369123008144,,,,2022,7,2022,9
EVT00119,jialing,嘉陵江流域,drought,2023-01-01,2023-01-01,1,2.223449846220105,2.223449846220105,2.223449846220105,,,,2023,1,2023,1
EVT00120,jialing,嘉陵江流域,drought,2023-06-01,2023-06-01,1,1.749780282275895,1.749780282275895,1.749780282275895,,,,2023,6,2023,6
EVT00121,jialing,嘉陵江流域,drought,2023-12-01,2023-12-01,1,1.9257619135688049,1.9257619135688049,1.9257619135688049,,,,2023,12,2023,12
EVT00122,hanjiang,汉江流域,FTD,2001-01-01,2001-03-01,3,5.892154711493092,5.892154711493092,5.892154711493092,2,flood_or_wet,drought,2001,1,2001,3
EVT00123,hanjiang,汉江流域,flood_or_wet,2001-01-01,2001-02-01,2,3.5599250230711554,3.055492035372782,6.110984070745564,,,,2001,1,2001,2
EVT00124,hanjiang,汉江流域,FTD,2001-02-01,2001-03-01,2,4.883288736096346,4.883288736096346,4.883288736096346,1,flood_or_wet,drought,2001,2,2001,3
EVT00125,hanjiang,汉江流域,drought,2001-03-01,2001-03-01,1,2.3322296884219367,2.3322296884219367,2.3322296884219367,,,,2001,3,2001,3
EVT00126,hanjiang,汉江流域,drought,2001-05-01,2001-05-01,1,2.9459529933398985,2.9459529933398985,2.9459529933398985,,,,2001,5,2001,5
EVT00127,hanjiang,汉江流域,drought,2001-08-01,2001-09-01,2,3.2977343414871685,2.4895388113534946,4.979077622706989,,,,2001,8,2001,9
EVT00128,hanjiang,汉江流域,DTF,2001-11-01,2001-12-01,2,5.5379745967221226,5.5379745967221226,5.5379745967221226,1,drought,flood_or_wet,2001,11,2001,12
EVT00129,hanjiang,汉江流域,drought,2001-11-01,2001-11-01,1,2.386605357454216,2.386605357454216,2.386605357454216,,,,2001,11,2001,11
EVT00130,hanjiang,汉江流域,flood_or_wet,2001-12-01,2001-12-01,1,3.1513692392679067,3.1513692392679067,3.1513692392679067,,,,2001,12,2001,12
EVT00131,hanjiang,汉江流域,flood_or_wet,2002-03-01,2002-03-01,1,1.58529870626831,1.58529870626831,1.58529870626831,,,,2002,3,2002,3
EVT00132,hanjiang,汉江流域,FTD,2002-05-01,2002-07-01,3,5.145629708657655,5.145629708657655,5.145629708657655,2,flood_or_wet,drought,2002,5,2002,7
EVT00133,hanjiang,汉江流域,flood_or_wet,2002-05-01,2002-06-01,2,3.3233823160546545,2.984645437330239,5.969290874660478,,,,2002,5,2002,6
EVT00134,hanjiang,汉江流域,FTD,2002-06-01,2002-07-01,2,4.468155951208823,4.468155951208823,4.468155951208823,1,flood_or_wet,drought,2002,6,2002,7
EVT00135,hanjiang,汉江流域,drought,2002-07-01,2002-07-01,1,1.822247392603,1.822247392603,1.822247392603,,,,2002,7,2002,7
EVT00136,hanjiang,汉江流域,DTF,2002-10-01,2002-12-01,3,5.237977122451092,5.237977122451092,5.237977122451092,2,drought,flood_or_wet,2002,10,2002,12
EVT00137,hanjiang,汉江流域,drought,2002-10-01,2002-10-01,1,1.632355044516729,1.632355044516729,1.632355044516729,,,,2002,10,2002,10
EVT00138,hanjiang,汉江流域,flood_or_wet,2002-12-01,2003-05-01,6,3.6056220779343624,2.158456974143462,12.950741844860772,,,,2002,12,2003,5
EVT00139,hanjiang,汉江流域,flood_or_wet,2003-07-01,2003-08-01,2,2.4690661187026564,1.8691735997176249,3.7383471994352497,,,,2003,7,2003,8
EVT00140,hanjiang,汉江流域,flood_or_wet,2003-11-01,2004-01-01,3,1.8806747624947098,1.6063562868558758,4.8190688605676275,,,,2003,11,2004,1
EVT00141,hanjiang,汉江流域,drought,2004-04-01,2004-04-01,1,3.144184733605261,3.144184733605261,3.144184733605261,,,,2004,4,2004,4
EVT00142,hanjiang,汉江流域,FTD,2004-08-01,2004-10-01,3,3.3256892694744224,3.3256892694744224,3.3256892694744224,2,flood_or_wet,drought,2004,8,2004,10
EVT00143,hanjiang,汉江流域,flood_or_wet,2004-08-01,2004-08-01,1,1.446346793568324,1.446346793568324,1.446346793568324,,,,2004,8,2004,8
EVT00144,hanjiang,汉江流域,DTF,2004-10-01,2004-12-01,3,3.9525115341786288,3.9525115341786288,3.9525115341786288,2,drought,flood_or_wet,2004,10,2004,12
EVT00145,hanjiang,汉江流域,drought,2004-10-01,2004-10-01,1,1.8793424759060984,1.8793424759060984,1.8793424759060984,,,,2004,10,2004,10
EVT00146,hanjiang,汉江流域,flood_or_wet,2004-12-01,2004-12-01,1,2.0731690582725304,2.0731690582725304,2.0731690582725304,,,,2004,12,2004,12
EVT00147,hanjiang,汉江流域,flood_or_wet,2005-07-01,2005-08-01,2,3.1977760145287633,2.6825725041876565,5.365145008375313,,,,2005,7,2005,8
EVT00148,hanjiang,汉江流域,DTF,2005-12-01,2006-02-01,3,4.759653463173644,4.759653463173644,4.759653463173644,2,drought,flood_or_wet,2005,12,2006,2
EVT00149,hanjiang,汉江流域,drought,2005-12-01,2005-12-01,1,2.5241572750342836,2.5241572750342836,2.5241572750342836,,,,2005,12,2005,12
EVT00150,hanjiang,汉江流域,FTD,2006-02-01,2006-03-01,2,4.732950671864094,4.732950671864094,4.732950671864094,1,flood_or_wet,drought,2006,2,2006,3
EVT00151,hanjiang,汉江流域,flood_or_wet,2006-02-01,2006-02-01,1,2.2354961881393596,2.2354961881393596,2.2354961881393596,,,,2006,2,2006,2
EVT00152,hanjiang,汉江流域,drought,2006-03-01,2006-03-01,1,2.497454483724734,2.497454483724734,2.497454483724734,,,,2006,3,2006,3
EVT00153,hanjiang,汉江流域,drought,2006-06-01,2006-06-01,1,4.303575196523443,4.303575196523443,4.303575196523443,,,,2006,6,2006,6
EVT00154,hanjiang,汉江流域,drought,2006-08-01,2006-08-01,1,2.031190648628866,2.031190648628866,2.031190648628866,,,,2006,8,2006,8
EVT00155,hanjiang,汉江流域,drought,2006-11-01,2006-11-01,1,2.50463627041811,2.50463627041811,2.50463627041811,,,,2006,11,2006,11
EVT00156,hanjiang,汉江流域,FTD,2007-02-01,2007-04-01,3,4.210862094142979,4.210862094142979,4.210862094142979,2,flood_or_wet,drought,2007,2,2007,4
EVT00157,hanjiang,汉江流域,drought,2007-02-01,2007-02-01,1,1.2267641156575944,1.2267641156575944,1.2267641156575944,,,,2007,2,2007,2
EVT00158,hanjiang,汉江流域,flood_or_wet,2007-02-01,2007-02-01,1,1.9352964627708564,1.9352964627708564,1.9352964627708564,,,,2007,2,2007,2
EVT00159,hanjiang,汉江流域,drought,2007-04-01,2007-05-01,2,2.7933194568694706,2.5344425441207967,5.0688850882415935,,,,2007,4,2007,5
EVT00160,hanjiang,汉江流域,DTF,2007-05-01,2007-07-01,3,6.718256866710632,6.718256866710632,6.718256866710632,2,drought,flood_or_wet,2007,5,2007,7
EVT00161,hanjiang,汉江流域,FTD,2007-07-01,2007-09-01,3,6.022550041337497,6.022550041337497,6.022550041337497,2,flood_or_wet,drought,2007,7,2007,9
EVT00162,hanjiang,汉江流域,flood_or_wet,2007-07-01,2007-07-01,1,3.924937409841162,3.924937409841162,3.924937409841162,,,,2007,7,2007,7
EVT00163,hanjiang,汉江流域,drought,2007-09-01,2007-09-01,1,2.097612631496335,2.097612631496335,2.097612631496335,,,,2007,9,2007,9
EVT00164,hanjiang,汉江流域,drought,2007-11-01,2007-11-01,1,3.196981247900232,3.196981247900232,3.196981247900232,,,,2007,11,2007,11
EVT00165,hanjiang,汉江流域,drought,2008-03-01,2008-03-01,1,1.4749531517511207,1.4749531517511207,1.4749531517511207,,,,2008,3,2008,3
EVT00166,hanjiang,汉江流域,drought,2008-05-01,2008-06-01,2,2.590691734850646,2.449570684124172,4.899141368248344,,,,2008,5,2008,6
EVT00167,hanjiang,汉江流域,DTF,2008-06-01,2008-08-01,3,4.198953981660768,4.198953981660768,4.198953981660768,2,drought,flood_or_wet,2008,6,2008,8
EVT00168,hanjiang,汉江流域,flood_or_wet,2008-08-01,2008-08-01,1,1.608262246810122,1.608262246810122,1.608262246810122,,,,2008,8,2008,8
EVT00169,hanjiang,汉江流域,drought,2008-12-01,2009-01-01,2,2.291404027068129,2.2286817801646297,4.457363560329259,,,,2008,12,2009,1
EVT00170,hanjiang,汉江流域,flood_or_wet,2009-05-01,2009-05-01,1,1.9977171668535847,1.9977171668535847,1.9977171668535847,,,,2009,5,2009,5
EVT00171,hanjiang,汉江流域,DTF,2009-10-01,2009-11-01,2,4.120835263091318,4.120835263091318,4.120835263091318,1,drought,flood_or_wet,2009,10,2009,11
EVT00172,hanjiang,汉江流域,drought,2009-10-01,2009-10-01,1,1.9352055642723056,1.9352055642723056,1.9352055642723056,,,,2009,10,2009,10
EVT00173,hanjiang,汉江流域,flood_or_wet,2009-11-01,2009-12-01,2,2.1856296988190125,1.7466862009935922,3.4933724019871844,,,,2009,11,2009,12
EVT00174,hanjiang,汉江流域,flood_or_wet,2010-03-01,2010-03-01,1,2.574296237721952,2.574296237721952,2.574296237721952,,,,2010,3,2010,3
EVT00175,hanjiang,汉江流域,flood_or_wet,2010-05-01,2010-05-01,1,1.7241064978309983,1.7241064978309983,1.7241064978309983,,,,2010,5,2010,5
EVT00176,hanjiang,汉江流域,flood_or_wet,2010-07-01,2010-07-01,1,3.4963571791818975,3.4963571791818975,3.4963571791818975,,,,2010,7,2010,7
EVT00177,hanjiang,汉江流域,drought,2010-11-01,2011-05-01,7,5.115412297449655,3.1608040027394355,22.125628019176048,,,,2010,11,2011,5
EVT00178,hanjiang,汉江流域,DTF,2011-07-01,2011-09-01,3,3.8080041634207746,3.8080041634207746,3.8080041634207746,2,drought,flood_or_wet,2011,7,2011,9
EVT00179,hanjiang,汉江流域,drought,2011-07-01,2011-07-01,1,1.5024736599063275,1.5024736599063275,1.5024736599063275,,,,2011,7,2011,7
EVT00180,hanjiang,汉江流域,flood_or_wet,2011-09-01,2011-09-01,1,2.305530503514447,2.305530503514447,2.305530503514447,,,,2011,9,2011,9
EVT00181,hanjiang,汉江流域,flood_or_wet,2011-11-01,2011-12-01,2,3.4810199128211,2.2954693225540423,4.590938645108085,,,,2011,11,2011,12
EVT00182,hanjiang,汉江流域,FTD,2011-12-01,2012-02-01,3,4.49666988583766,4.49666988583766,4.49666988583766,2,flood_or_wet,drought,2011,12,2012,2
EVT00183,hanjiang,汉江流域,drought,2012-02-01,2012-02-01,1,3.386751153550675,3.386751153550675,3.386751153550675,,,,2012,2,2012,2
EVT00184,hanjiang,汉江流域,drought,2012-04-01,2012-04-01,1,2.124203916971077,2.124203916971077,2.124203916971077,,,,2012,4,2012,4
EVT00185,hanjiang,汉江流域,drought,2012-06-01,2012-06-01,1,4.637067734758939,4.637067734758939,4.637067734758939,,,,2012,6,2012,6
EVT00186,hanjiang,汉江流域,drought,2012-10-01,2012-10-01,1,2.1200385569826623,2.1200385569826623,2.1200385569826623,,,,2012,10,2012,10
EVT00187,hanjiang,汉江流域,DTF,2013-03-01,2013-05-01,3,4.367721289313864,4.367721289313864,4.367721289313864,2,drought,flood_or_wet,2013,3,2013,5
EVT00188,hanjiang,汉江流域,drought,2013-03-01,2013-04-01,2,2.474376328483319,2.2171495714256824,4.434299142851365,,,,2013,3,2013,4
EVT00189,hanjiang,汉江流域,DTF,2013-04-01,2013-05-01,2,3.8532677751985904,3.8532677751985904,3.8532677751985904,1,drought,flood_or_wet,2013,4,2013,5
EVT00190,hanjiang,汉江流域,flood_or_wet,2013-05-01,2013-05-01,1,1.8933449608305446,1.8933449608305446,1.8933449608305446,,,,2013,5,2013,5
EVT00191,hanjiang,汉江流域,drought,2013-08-01,2013-08-01,1,1.3541876190818993,1.3541876190818993,1.3541876190818993,,,,2013,8,2013,8
EVT00192,hanjiang,汉江流域,drought,2013-10-01,2013-10-01,1,3.6275287978272774,3.6275287978272774,3.6275287978272774,,,,2013,10,2013,10
EVT00193,hanjiang,汉江流域,drought,2013-12-01,2014-03-01,4,2.9818028370046985,2.2799275121048446,9.119710048419378,,,,2013,12,2014,3
EVT00194,hanjiang,汉江流域,DTF,2014-07-01,2014-09-01,3,6.342436094225239,6.342436094225239,6.342436094225239,2,drought,flood_or_wet,2014,7,2014,9
EVT00195,hanjiang,汉江流域,drought,2014-07-01,2014-07-01,1,3.660098101766204,3.660098101766204,3.660098101766204,,,,2014,7,2014,7
EVT00196,hanjiang,汉江流域,flood_or_wet,2014-09-01,2014-09-01,1,2.6823379924590354,2.6823379924590354,2.6823379924590354,,,,2014,9,2014,9
EVT00197,hanjiang,汉江流域,flood_or_wet,2014-11-01,2014-11-01,1,2.54095614789184,2.54095614789184,2.54095614789184,,,,2014,11,2014,11
EVT00198,hanjiang,汉江流域,flood_or_wet,2015-04-01,2015-04-01,1,2.9718449405388503,2.9718449405388503,2.9718449405388503,,,,2015,4,2015,4
EVT00199,hanjiang,汉江流域,flood_or_wet,2015-06-01,2015-06-01,1,2.3823578068549773,2.3823578068549773,2.3823578068549773,,,,2015,6,2015,6
EVT00200,hanjiang,汉江流域,flood_or_wet,2015-11-01,2015-11-01,1,2.6006223077795396,2.6006223077795396,2.6006223077795396,,,,2015,11,2015,11
EVT00201,hanjiang,汉江流域,drought,2016-03-01,2016-03-01,1,1.1017191426942365,1.1017191426942365,1.1017191426942365,,,,2016,3,2016,3
EVT00202,hanjiang,汉江流域,FTD,2016-06-01,2016-08-01,3,4.574209116236348,4.574209116236348,4.574209116236348,2,flood_or_wet,drought,2016,6,2016,8
EVT00203,hanjiang,汉江流域,flood_or_wet,2016-06-01,2016-06-01,1,2.3523066102939927,2.3523066102939927,2.3523066102939927,,,,2016,6,2016,6
EVT00204,hanjiang,汉江流域,drought,2016-08-01,2016-09-01,2,3.5284350610763195,2.875168783509338,5.750337567018676,,,,2016,8,2016,9
EVT00205,hanjiang,汉江流域,DTF,2016-09-01,2016-11-01,3,5.9482705136124014,5.9482705136124014,5.9482705136124014,2,drought,flood_or_wet,2016,9,2016,11
EVT00206,hanjiang,汉江流域,flood_or_wet,2016-11-01,2016-11-01,1,2.4198354525360815,2.4198354525360815,2.4198354525360815,,,,2016,11,2016,11
EVT00207,hanjiang,汉江流域,flood_or_wet,2017-02-01,2017-02-01,1,1.8131212388844458,1.8131212388844458,1.8131212388844458,,,,2017,2,2017,2
EVT00208,hanjiang,汉江流域,DTF,2017-07-01,2017-09-01,3,5.4843728450118645,5.4843728450118645,5.4843728450118645,2,drought,flood_or_wet,2017,7,2017,9
EVT00209,hanjiang,汉江流域,drought,2017-07-01,2017-07-01,1,2.334082508608237,2.334082508608237,2.334082508608237,,,,2017,7,2017,7
EVT00210,hanjiang,汉江流域,flood_or_wet,2017-09-01,2017-10-01,2,4.033525564065479,3.5919079502345532,7.1838159004691065,,,,2017,9,2017,10
EVT00211,hanjiang,汉江流域,FTD,2017-10-01,2017-12-01,3,5.946712881321779,5.946712881321779,5.946712881321779,2,flood_or_wet,drought,2017,10,2017,12
EVT00212,hanjiang,汉江流域,DTF,2017-12-01,2018-01-01,2,4.673615823246686,4.673615823246686,4.673615823246686,1,drought,flood_or_wet,2017,12,2018,1
EVT00213,hanjiang,汉江流域,drought,2017-12-01,2017-12-01,1,1.9131873172563,1.9131873172563,1.9131873172563,,,,2017,12,2017,12
EVT00214,hanjiang,汉江流域,flood_or_wet,2018-01-01,2018-02-01,2,2.7604285059903857,1.8856353010626932,3.7712706021253863,,,,2018,1,2018,2
EVT00215,hanjiang,汉江流域,flood_or_wet,2018-05-01,2018-05-01,1,3.11006022450473,3.11006022450473,3.11006022450473,,,,2018,5,2018,5
EVT00216,hanjiang,汉江流域,drought,2018-08-01,2018-08-01,1,2.057225007645984,2.057225007645984,2.057225007645984,,,,2018,8,2018,8
EVT00217,hanjiang,汉江流域,drought,2018-10-01,2018-10-01,1,3.5475182031551777,3.5475182031551777,3.5475182031551777,,,,2018,10,2018,10
EVT00218,hanjiang,汉江流域,drought,2019-05-01,2019-05-01,1,2.2406211743286883,2.2406211743286883,2.2406211743286883,,,,2019,5,2019,5
EVT00219,hanjiang,汉江流域,DTF,2019-08-01,2019-10-01,3,3.4437796276382144,3.4437796276382144,3.4437796276382144,2,drought,flood_or_wet,2019,8,2019,10
EVT00220,hanjiang,汉江流域,drought,2019-08-01,2019-09-01,2,2.008725781489164,1.915436228216869,3.830872456433738,,,,2019,8,2019,9
EVT00221,hanjiang,汉江流域,DTF,2019-09-01,2019-10-01,2,3.6303587341828045,3.6303587341828045,3.6303587341828045,1,drought,flood_or_wet,2019,9,2019,10
EVT00222,hanjiang,汉江流域,FTD,2019-10-01,2019-11-01,2,3.649265024901046,3.649265024901046,3.649265024901046,1,flood_or_wet,drought,2019,10,2019,11
EVT00223,hanjiang,汉江流域,flood_or_wet,2019-10-01,2019-10-01,1,1.6216329526936404,1.6216329526936404,1.6216329526936404,,,,2019,10,2019,10
EVT00224,hanjiang,汉江流域,DTF,2019-11-01,2020-01-01,3,5.8860071778132,5.8860071778132,5.8860071778132,2,drought,flood_or_wet,2019,11,2020,1
EVT00225,hanjiang,汉江流域,drought,2019-11-01,2019-11-01,1,2.0276320722074055,2.0276320722074055,2.0276320722074055,,,,2019,11,2019,11
EVT00226,hanjiang,汉江流域,flood_or_wet,2020-01-01,2020-01-01,1,3.858375105605795,3.858375105605795,3.858375105605795,,,,2020,1,2020,1
EVT00227,hanjiang,汉江流域,DTF,2020-05-01,2020-06-01,2,5.3276116535273434,5.3276116535273434,5.3276116535273434,1,drought,flood_or_wet,2020,5,2020,6
EVT00228,hanjiang,汉江流域,drought,2020-05-01,2020-05-01,1,2.4976503333865074,2.4976503333865074,2.4976503333865074,,,,2020,5,2020,5
EVT00229,hanjiang,汉江流域,flood_or_wet,2020-06-01,2020-07-01,2,2.8299613201408365,2.097415168597452,4.194830337194904,,,,2020,6,2020,7
EVT00230,hanjiang,汉江流域,flood_or_wet,2020-10-01,2020-10-01,1,1.396051166780808,1.396051166780808,1.396051166780808,,,,2020,10,2020,10
EVT00231,hanjiang,汉江流域,DTF,2021-02-01,2021-03-01,2,2.763642049365367,2.763642049365367,2.763642049365367,1,drought,flood_or_wet,2021,2,2021,3
EVT00232,hanjiang,汉江流域,drought,2021-02-01,2021-02-01,1,1.1537313898876727,1.1537313898876727,1.1537313898876727,,,,2021,2,2021,2
EVT00233,hanjiang,汉江流域,flood_or_wet,2021-03-01,2021-04-01,2,2.0975638840753787,1.8537372717765366,3.707474543553073,,,,2021,3,2021,4
EVT00234,hanjiang,汉江流域,flood_or_wet,2021-07-01,2021-10-01,4,3.8206833841530834,2.4139376137772173,9.655750455108869,,,,2021,7,2021,10
EVT00235,hanjiang,汉江流域,flood_or_wet,2022-03-01,2022-03-01,1,3.3086648316215417,3.3086648316215417,3.3086648316215417,,,,2022,3,2022,3
EVT00236,hanjiang,汉江流域,drought,2022-08-01,2022-09-01,2,3.998990202192553,3.622894850882556,7.245789701765112,,,,2022,8,2022,9
EVT00237,hanjiang,汉江流域,drought,2023-03-01,2023-03-01,1,2.0422034095130575,2.0422034095130575,2.0422034095130575,,,,2023,3,2023,3
EVT00238,hanjiang,汉江流域,flood_or_wet,2023-06-01,2023-06-01,1,2.450794536414609,2.450794536414609,2.450794536414609,,,,2023,6,2023,6
EVT00239,hanjiang,汉江流域,flood_or_wet,2023-09-01,2023-10-01,2,1.9423131411039325,1.633262593732616,3.266525187465232,,,,2023,9,2023,10
EVT00240,hanjiang,汉江流域,flood_or_wet,2023-12-01,2023-12-01,1,1.8675100681089272,1.8675100681089272,1.8675100681089272,,,,2023,12,2023,12
EVT00241,dongting,洞庭湖流域,flood_or_wet,2001-01-01,2001-01-01,1,1.7111162266402284,1.7111162266402284,1.7111162266402284,,,,2001,1,2001,1
EVT00242,dongting,洞庭湖流域,FTD,2001-04-01,2001-05-01,2,4.124825346750667,4.124825346750667,4.124825346750667,1,flood_or_wet,drought,2001,4,2001,5
EVT00243,dongting,洞庭湖流域,flood_or_wet,2001-04-01,2001-04-01,1,1.8817087712817124,1.8817087712817124,1.8817087712817124,,,,2001,4,2001,4
EVT00244,dongting,洞庭湖流域,drought,2001-05-01,2001-05-01,1,2.243116575468955,2.243116575468955,2.243116575468955,,,,2001,5,2001,5
EVT00245,dongting,洞庭湖流域,FTD,2001-08-01,2001-09-01,2,4.086033463668217,4.086033463668217,4.086033463668217,1,flood_or_wet,drought,2001,8,2001,9
EVT00246,dongting,洞庭湖流域,flood_or_wet,2001-08-01,2001-08-01,1,1.0216335350260195,1.0216335350260195,1.0216335350260195,,,,2001,8,2001,8
EVT00247,dongting,洞庭湖流域,drought,2001-09-01,2001-09-01,1,3.0643999286421977,3.0643999286421977,3.0643999286421977,,,,2001,9,2001,9
EVT00248,dongting,洞庭湖流域,flood_or_wet,2001-12-01,2001-12-01,1,1.2096462390704648,1.2096462390704648,1.2096462390704648,,,,2001,12,2001,12
EVT00249,dongting,洞庭湖流域,flood_or_wet,2002-04-01,2002-05-01,2,2.2553190530832192,2.0663727955576197,4.132745591115239,,,,2002,4,2002,5
EVT00250,dongting,洞庭湖流域,flood_or_wet,2002-07-01,2002-08-01,2,2.8073629437275107,2.446864889837105,4.89372977967421,,,,2002,7,2002,8
EVT00251,dongting,洞庭湖流域,flood_or_wet,2002-10-01,2002-10-01,1,3.7764985730379435,3.7764985730379435,3.7764985730379435,,,,2002,10,2002,10
EVT00252,dongting,洞庭湖流域,flood_or_wet,2002-12-01,2002-12-01,1,4.065303571125847,4.065303571125847,4.065303571125847,,,,2002,12,2002,12
EVT00253,dongting,洞庭湖流域,flood_or_wet,2003-02-01,2003-03-01,2,1.3523649348137519,1.2503529362491932,2.5007058724983864,,,,2003,2,2003,3
EVT00254,dongting,洞庭湖流域,FTD,2003-05-01,2003-07-01,3,3.377711208426146,3.377711208426146,3.377711208426146,2,flood_or_wet,drought,2003,5,2003,7
EVT00255,dongting,洞庭湖流域,flood_or_wet,2003-05-01,2003-05-01,1,1.206291397342783,1.206291397342783,1.206291397342783,,,,2003,5,2003,5
EVT00256,dongting,洞庭湖流域,drought,2003-07-01,2003-08-01,2,2.366571007289817,2.26899540918659,4.53799081837318,,,,2003,7,2003,8
EVT00257,dongting,洞庭湖流域,drought,2003-10-01,2003-11-01,2,2.2064116183680054,1.9389547556550573,3.8779095113101145,,,,2003,10,2003,11
EVT00258,dongting,洞庭湖流域,drought,2004-03-01,2004-03-01,1,2.4129417260741692,2.4129417260741692,2.4129417260741692,,,,2004,3,2004,3
EVT00259,dongting,洞庭湖流域,flood_or_wet,2004-07-01,2004-08-01,2,2.032901907555378,1.5344099438085852,3.0688198876171704,,,,2004,7,2004,8
EVT00260,dongting,洞庭湖流域,FTD,2004-08-01,2004-10-01,3,4.855925123900982,4.855925123900982,4.855925123900982,2,flood_or_wet,drought,2004,8,2004,10
EVT00261,dongting,洞庭湖流域,drought,2004-10-01,2004-10-01,1,3.820007143839189,3.820007143839189,3.820007143839189,,,,2004,10,2004,10
EVT00262,dongting,洞庭湖流域,flood_or_wet,2005-01-01,2005-02-01,2,2.6908114213807357,1.9271417830008746,3.854283566001749,,,,2005,1,2005,2
EVT00263,dongting,洞庭湖流域,FTD,2005-02-01,2005-04-01,3,4.943298563791622,4.943298563791622,4.943298563791622,2,flood_or_wet,drought,2005,2,2005,4
EVT00264,dongting,洞庭湖流域,DTF,2005-04-01,2005-05-01,2,4.99681938513788,4.99681938513788,4.99681938513788,1,drought,flood_or_wet,2005,4,2005,5
EVT00265,dongting,洞庭湖流域,drought,2005-04-01,2005-04-01,1,2.252487142410886,2.252487142410886,2.252487142410886,,,,2005,4,2005,4
EVT00266,dongting,洞庭湖流域,FTD,2005-05-01,2005-07-01,3,4.890795652594143,4.890795652594143,4.890795652594143,2,flood_or_wet,drought,2005,5,2005,7
EVT00267,dongting,洞庭湖流域,flood_or_wet,2005-05-01,2005-05-01,1,2.744332242726994,2.744332242726994,2.744332242726994,,,,2005,5,2005,5
EVT00268,dongting,洞庭湖流域,drought,2005-07-01,2005-07-01,1,2.1464634098671493,2.1464634098671493,2.1464634098671493,,,,2005,7,2005,7
EVT00269,dongting,洞庭湖流域,drought,2005-09-01,2005-10-01,2,2.0814583941626923,1.9166038185266345,3.833207637053269,,,,2005,9,2005,10
EVT00270,dongting,洞庭湖流域,flood_or_wet,2006-02-01,2006-02-01,1,3.502070785640288,3.502070785640288,3.502070785640288,,,,2006,2,2006,2
EVT00271,dongting,洞庭湖流域,drought,2006-05-01,2006-05-01,1,2.230297678753412,2.230297678753412,2.230297678753412,,,,2006,5,2006,5
EVT00272,dongting,洞庭湖流域,drought,2007-02-01,2007-02-01,1,1.2073574451451612,1.2073574451451612,1.2073574451451612,,,,2007,2,2007,2
EVT00273,dongting,洞庭湖流域,drought,2007-05-01,2007-05-01,1,3.0923393627971123,3.0923393627971123,3.0923393627971123,,,,2007,5,2007,5
EVT00274,dongting,洞庭湖流域,drought,2007-07-01,2007-07-01,1,2.215358942168577,2.215358942168577,2.215358942168577,,,,2007,7,2007,7
EVT00275,dongting,洞庭湖流域,drought,2007-10-01,2008-01-01,4,4.698033688460983,2.963669453605375,11.8546778144215,,,,2007,10,2008,1
EVT00276,dongting,洞庭湖流域,drought,2008-03-01,2008-03-01,1,1.7528492623301015,1.7528492623301015,1.7528492623301015,,,,2008,3,2008,3
EVT00277,dongting,洞庭湖流域,drought,2008-05-01,2008-06-01,2,3.194015913578949,2.705346987623556,5.410693975247112,,,,2008,5,2008,6
EVT00278,dongting,洞庭湖流域,DTF,2008-06-01,2008-08-01,3,5.387975680170582,5.387975680170582,5.387975680170582,2,drought,flood_or_wet,2008,6,2008,8
EVT00279,dongting,洞庭湖流域,flood_or_wet,2008-08-01,2008-08-01,1,2.193959766591633,2.193959766591633,2.193959766591633,,,,2008,8,2008,8
EVT00280,dongting,洞庭湖流域,FTD,2008-11-01,2008-12-01,2,5.79642978282803,5.79642978282803,5.79642978282803,1,flood_or_wet,drought,2008,11,2008,12
EVT00281,dongting,洞庭湖流域,flood_or_wet,2008-11-01,2008-11-01,1,2.2642708873122395,2.2642708873122395,2.2642708873122395,,,,2008,11,2008,11
EVT00282,dongting,洞庭湖流域,drought,2008-12-01,2009-02-01,3,3.5321588955157903,3.139606707361366,9.418820122084098,,,,2008,12,2009,2
EVT00283,dongting,洞庭湖流域,drought,2009-06-01,2009-06-01,1,1.5968941317067529,1.5968941317067529,1.5968941317067529,,,,2009,6,2009,6
EVT00284,dongting,洞庭湖流域,drought,2009-09-01,2009-10-01,2,2.4388553000055415,2.3499231462811068,4.6998462925622135,,,,2009,9,2009,10
EVT00285,dongting,洞庭湖流域,FTD,2010-06-01,2010-08-01,3,3.2986314665741787,3.2986314665741787,3.2986314665741787,2,flood_or_wet,drought,2010,6,2010,8
EVT00286,dongting,洞庭湖流域,flood_or_wet,2010-06-01,2010-06-01,1,2.04421866654587,2.04421866654587,2.04421866654587,,,,2010,6,2010,6
EVT00287,dongting,洞庭湖流域,drought,2010-08-01,2010-08-01,1,1.2544128000283088,1.2544128000283088,1.2544128000283088,,,,2010,8,2010,8
EVT00288,dongting,洞庭湖流域,drought,2010-11-01,2010-11-01,1,2.391103937917264,2.391103937917264,2.391103937917264,,,,2010,11,2010,11
EVT00289,dongting,洞庭湖流域,drought,2011-02-01,2011-05-01,4,4.405229924993327,3.734213591991916,14.936854367967664,,,,2011,2,2011,5
EVT00290,dongting,洞庭湖流域,drought,2011-07-01,2011-08-01,2,3.2143186300714284,2.558693657006816,5.117387314013632,,,,2011,7,2011,8
EVT00291,dongting,洞庭湖流域,DTF,2011-08-01,2011-10-01,3,3.7661207703000015,3.7661207703000015,3.7661207703000015,2,drought,flood_or_wet,2011,8,2011,10
EVT00292,dongting,洞庭湖流域,FTD,2011-10-01,2011-12-01,3,4.342953371951784,4.342953371951784,4.342953371951784,2,flood_or_wet,drought,2011,10,2011,12
EVT00293,dongting,洞庭湖流域,flood_or_wet,2011-10-01,2011-10-01,1,1.8630520863577975,1.8630520863577975,1.8630520863577975,,,,2011,10,2011,10
EVT00294,dongting,洞庭湖流域,drought,2011-12-01,2011-12-01,1,2.479901285593986,2.479901285593986,2.479901285593986,,,,2011,12,2011,12
EVT00295,dongting,洞庭湖流域,drought,2012-06-01,2012-06-01,1,2.0368054778347475,2.0368054778347475,2.0368054778347475,,,,2012,6,2012,6
EVT00296,dongting,洞庭湖流域,flood_or_wet,2012-11-01,2012-12-01,2,2.459051424010468,2.336737807010729,4.673475614021458,,,,2012,11,2012,12
EVT00297,dongting,洞庭湖流域,flood_or_wet,2013-02-01,2013-03-01,2,1.9953228127609908,1.5969892822625233,3.1939785645250467,,,,2013,2,2013,3
EVT00298,dongting,洞庭湖流域,drought,2013-06-01,2013-08-01,3,4.838111361719289,2.8853667219471153,8.656100165841346,,,,2013,6,2013,8
EVT00299,dongting,洞庭湖流域,DTF,2013-07-01,2013-09-01,3,7.4543806115401905,7.4543806115401905,7.4543806115401905,2,drought,flood_or_wet,2013,7,2013,9
EVT00300,dongting,洞庭湖流域,DTF,2013-08-01,2013-09-01,2,4.293023280863525,4.293023280863525,4.293023280863525,1,drought,flood_or_wet,2013,8,2013,9
EVT00301,dongting,洞庭湖流域,flood_or_wet,2013-09-01,2013-09-01,1,2.6162692498209017,2.6162692498209017,2.6162692498209017,,,,2013,9,2013,9
EVT00302,dongting,洞庭湖流域,drought,2014-01-01,2014-01-01,1,2.893925616590651,2.893925616590651,2.893925616590651,,,,2014,1,2014,1
EVT00303,dongting,洞庭湖流域,flood_or_wet,2014-06-01,2014-08-01,3,2.113442753016504,1.7528045492881004,5.258413647864301,,,,2014,6,2014,8
EVT00304,dongting,洞庭湖流域,flood_or_wet,2014-11-01,2014-11-01,1,1.692673142696394,1.692673142696394,1.692673142696394,,,,2014,11,2014,11
EVT00305,dongting,洞庭湖流域,FTD,2015-03-01,2015-04-01,2,2.8856635107038993,2.8856635107038993,2.8856635107038993,1,flood_or_wet,drought,2015,3,2015,4
EVT00306,dongting,洞庭湖流域,flood_or_wet,2015-03-01,2015-03-01,1,1.1639264961912954,1.1639264961912954,1.1639264961912954,,,,2015,3,2015,3
EVT00307,dongting,洞庭湖流域,DTF,2015-04-01,2015-05-01,2,3.8523136338459647,3.8523136338459647,3.8523136338459647,1,drought,flood_or_wet,2015,4,2015,5
EVT00308,dongting,洞庭湖流域,drought,2015-04-01,2015-04-01,1,1.7217370145126039,1.7217370145126039,1.7217370145126039,,,,2015,4,2015,4
EVT00309,dongting,洞庭湖流域,flood_or_wet,2015-05-01,2015-05-01,1,2.130576619333361,2.130576619333361,2.130576619333361,,,,2015,5,2015,5
EVT00310,dongting,洞庭湖流域,flood_or_wet,2015-07-01,2015-07-01,1,1.0853222172388954,1.0853222172388954,1.0853222172388954,,,,2015,7,2015,7
EVT00311,dongting,洞庭湖流域,flood_or_wet,2015-09-01,2016-01-01,5,3.819378615571472,2.7911899300312313,13.955949650156157,,,,2015,9,2016,1
EVT00312,dongting,洞庭湖流域,flood_or_wet,2016-04-01,2016-04-01,1,4.184603197768042,4.184603197768042,4.184603197768042,,,,2016,4,2016,4
EVT00313,dongting,洞庭湖流域,flood_or_wet,2016-11-01,2016-11-01,1,1.770998416374973,1.770998416374973,1.770998416374973,,,,2016,11,2016,11
EVT00314,dongting,洞庭湖流域,DTF,2017-02-01,2017-03-01,2,4.115067585945747,4.115067585945747,4.115067585945747,1,drought,flood_or_wet,2017,2,2017,3
EVT00315,dongting,洞庭湖流域,drought,2017-02-01,2017-02-01,1,1.3476351492760914,1.3476351492760914,1.3476351492760914,,,,2017,2,2017,2
EVT00316,dongting,洞庭湖流域,flood_or_wet,2017-03-01,2017-03-01,1,2.767432436669655,2.767432436669655,2.767432436669655,,,,2017,3,2017,3
EVT00317,dongting,洞庭湖流域,flood_or_wet,2017-06-01,2017-06-01,1,4.975140886202282,4.975140886202282,4.975140886202282,,,,2017,6,2017,6
EVT00318,dongting,洞庭湖流域,drought,2018-02-01,2018-02-01,1,1.908417453989994,1.908417453989994,1.908417453989994,,,,2018,2,2018,2
EVT00319,dongting,洞庭湖流域,DTF,2018-06-01,2018-08-01,3,4.191852717067192,4.191852717067192,4.191852717067192,2,drought,flood_or_wet,2018,6,2018,8
EVT00320,dongting,洞庭湖流域,drought,2018-06-01,2018-06-01,1,2.391988935740865,2.391988935740865,2.391988935740865,,,,2018,6,2018,6
EVT00321,dongting,洞庭湖流域,flood_or_wet,2018-08-01,2018-10-01,3,2.270791322562075,1.9615153611720169,5.88454608351605,,,,2018,8,2018,10
EVT00322,dongting,洞庭湖流域,flood_or_wet,2018-12-01,2019-02-01,3,2.5804928153879443,2.096907726682916,6.290723180048747,,,,2018,12,2019,2
EVT00323,dongting,洞庭湖流域,flood_or_wet,2019-04-01,2019-04-01,1,1.728760434143691,1.728760434143691,1.728760434143691,,,,2019,4,2019,4
EVT00324,dongting,洞庭湖流域,FTD,2019-06-01,2019-08-01,3,4.179993016421806,4.179993016421806,4.179993016421806,2,flood_or_wet,drought,2019,6,2019,8
EVT00325,dongting,洞庭湖流域,flood_or_wet,2019-06-01,2019-07-01,2,2.9201804877283246,2.43617899526972,4.87235799053944,,,,2019,6,2019,7
EVT00326,dongting,洞庭湖流域,FTD,2019-07-01,2019-08-01,2,5.147996001339015,5.147996001339015,5.147996001339015,1,flood_or_wet,drought,2019,7,2019,8
EVT00327,dongting,洞庭湖流域,drought,2019-08-01,2019-09-01,2,2.567466043401591,2.3976407785061404,4.795281557012281,,,,2019,8,2019,9
EVT00328,dongting,洞庭湖流域,flood_or_wet,2020-01-01,2020-03-01,3,2.979036236152341,2.4550664858560043,7.365199457568013,,,,2020,1,2020,3
EVT00329,dongting,洞庭湖流域,FTD,2020-02-01,2020-04-01,3,3.9764095285880217,3.9764095285880217,3.9764095285880217,2,flood_or_wet,drought,2020,2,2020,4
EVT00330,dongting,洞庭湖流域,FTD,2020-03-01,2020-04-01,2,4.862463937938395,4.862463937938395,4.862463937938395,1,flood_or_wet,drought,2020,3,2020,4
EVT00331,dongting,洞庭湖流域,drought,2020-04-01,2020-04-01,1,2.2263551225553724,2.2263551225553724,2.2263551225553724,,,,2020,4,2020,4
EVT00332,dongting,洞庭湖流域,flood_or_wet,2020-07-01,2020-07-01,1,2.719135825095942,2.719135825095942,2.719135825095942,,,,2020,7,2020,7
EVT00333,dongting,洞庭湖流域,FTD,2020-09-01,2020-11-01,3,6.090040604039319,6.090040604039319,6.090040604039319,2,flood_or_wet,drought,2020,9,2020,11
EVT00334,dongting,洞庭湖流域,flood_or_wet,2020-09-01,2020-10-01,2,4.004757082815621,2.8375372817488853,5.675074563497771,,,,2020,9,2020,10
EVT00335,dongting,洞庭湖流域,FTD,2020-10-01,2020-11-01,2,3.7556010019058483,3.7556010019058483,3.7556010019058483,1,flood_or_wet,drought,2020,10,2020,11
EVT00336,dongting,洞庭湖流域,drought,2020-11-01,2020-11-01,1,2.0852835212236984,2.0852835212236984,2.0852835212236984,,,,2020,11,2020,11
EVT00337,dongting,洞庭湖流域,DTF,2021-01-01,2021-03-01,3,3.964674530486853,3.964674530486853,3.964674530486853,2,drought,flood_or_wet,2021,1,2021,3
EVT00338,dongting,洞庭湖流域,drought,2021-01-01,2021-01-01,1,2.8399835773003614,2.8399835773003614,2.8399835773003614,,,,2021,1,2021,1
EVT00339,dongting,洞庭湖流域,flood_or_wet,2021-03-01,2021-05-01,3,3.189826100125358,2.033408582093496,6.100225746280488,,,,2021,3,2021,5
EVT00340,dongting,洞庭湖流域,FTD,2021-04-01,2021-06-01,3,4.667803625166529,4.667803625166529,4.667803625166529,2,flood_or_wet,drought,2021,4,2021,6
EVT00341,dongting,洞庭湖流域,FTD,2021-05-01,2021-06-01,2,6.0719210323232495,6.0719210323232495,6.0719210323232495,1,flood_or_wet,drought,2021,5,2021,6
EVT00342,dongting,洞庭湖流域,drought,2021-06-01,2021-06-01,1,2.8820949321978913,2.8820949321978913,2.8820949321978913,,,,2021,6,2021,6
EVT00343,dongting,洞庭湖流域,flood_or_wet,2022-01-01,2022-02-01,2,3.2859418244104943,3.0167096607349135,6.033419321469827,,,,2022,1,2022,2
EVT00344,dongting,洞庭湖流域,drought,2022-08-01,2022-11-01,4,4.94468418494429,3.862500151611834,15.450000606447336,,,,2022,8,2022,11
EVT00345,dongting,洞庭湖流域,drought,2023-01-01,2023-03-01,3,2.910380773545781,2.3866500715792553,7.1599502147377665,,,,2023,1,2023,3
EVT00346,poyang,鄱阳湖流域,FTD,2001-04-01,2001-05-01,2,3.714403135198593,3.714403135198593,3.714403135198593,1,flood_or_wet,drought,2001,4,2001,5
EVT00347,poyang,鄱阳湖流域,flood_or_wet,2001-04-01,2001-04-01,1,1.8721699558045182,1.8721699558045182,1.8721699558045182,,,,2001,4,2001,4
EVT00348,poyang,鄱阳湖流域,DTF,2001-05-01,2001-06-01,2,3.1022354397197835,3.1022354397197835,3.1022354397197835,1,drought,flood_or_wet,2001,5,2001,6
EVT00349,poyang,鄱阳湖流域,drought,2001-05-01,2001-05-01,1,1.842233179394075,1.842233179394075,1.842233179394075,,,,2001,5,2001,5
EVT00350,poyang,鄱阳湖流域,flood_or_wet,2001-06-01,2001-06-01,1,1.2600022603257086,1.2600022603257086,1.2600022603257086,,,,2001,6,2001,6
EVT00351,poyang,鄱阳湖流域,FTD,2001-08-01,2001-09-01,2,5.464516713391717,5.464516713391717,5.464516713391717,1,flood_or_wet,drought,2001,8,2001,9
EVT00352,poyang,鄱阳湖流域,flood_or_wet,2001-08-01,2001-08-01,1,3.1019457338812835,3.1019457338812835,3.1019457338812835,,,,2001,8,2001,8
EVT00353,poyang,鄱阳湖流域,drought,2001-09-01,2001-09-01,1,2.362570979510433,2.362570979510433,2.362570979510433,,,,2001,9,2001,9
EVT00354,poyang,鄱阳湖流域,flood_or_wet,2001-12-01,2001-12-01,1,1.3702256604333856,1.3702256604333856,1.3702256604333856,,,,2001,12,2001,12
EVT00355,poyang,鄱阳湖流域,DTF,2002-06-01,2002-07-01,2,4.136436897463024,4.136436897463024,4.136436897463024,1,drought,flood_or_wet,2002,6,2002,7
EVT00356,poyang,鄱阳湖流域,drought,2002-06-01,2002-06-01,1,1.7635226399051376,1.7635226399051376,1.7635226399051376,,,,2002,6,2002,6
EVT00357,poyang,鄱阳湖流域,flood_or_wet,2002-07-01,2002-08-01,2,2.372914257557886,1.8524561088471936,3.704912217694387,,,,2002,7,2002,8
EVT00358,poyang,鄱阳湖流域,flood_or_wet,2002-10-01,2002-10-01,1,5.144553499055044,5.144553499055044,5.144553499055044,,,,2002,10,2002,10
EVT00359,poyang,鄱阳湖流域,flood_or_wet,2002-12-01,2002-12-01,1,3.164253031668628,3.164253031668628,3.164253031668628,,,,2002,12,2002,12
EVT00360,poyang,鄱阳湖流域,drought,2003-06-01,2003-07-01,2,5.018752358566016,3.8589478580328,7.7178957160656,,,,2003,6,2003,7
EVT00361,poyang,鄱阳湖流域,drought,2003-11-01,2004-01-01,3,2.4887192055875444,2.204008881804915,6.612026645414744,,,,2003,11,2004,1
EVT00362,poyang,鄱阳湖流域,drought,2004-03-01,2004-03-01,1,2.8297317734606535,2.8297317734606535,2.8297317734606535,,,,2004,3,2004,3
EVT00363,poyang,鄱阳湖流域,drought,2004-06-01,2004-06-01,1,2.19274863868048,2.19274863868048,2.19274863868048,,,,2004,6,2004,6
EVT00364,poyang,鄱阳湖流域,drought,2004-10-01,2004-10-01,1,3.3282714001862246,3.3282714001862246,3.3282714001862246,,,,2004,10,2004,10
EVT00365,poyang,鄱阳湖流域,DTF,2004-12-01,2005-02-01,3,4.780070078337481,4.780070078337481,4.780070078337481,2,drought,flood_or_wet,2004,12,2005,2
EVT00366,poyang,鄱阳湖流域,drought,2004-12-01,2004-12-01,1,1.81349539312005,1.81349539312005,1.81349539312005,,,,2004,12,2004,12
EVT00367,poyang,鄱阳湖流域,FTD,2005-02-01,2005-04-01,3,4.596716142596058,4.596716142596058,4.596716142596058,2,flood_or_wet,drought,2005,2,2005,4
EVT00368,poyang,鄱阳湖流域,flood_or_wet,2005-02-01,2005-02-01,1,2.966574685217431,2.966574685217431,2.966574685217431,,,,2005,2,2005,2
EVT00369,poyang,鄱阳湖流域,DTF,2005-04-01,2005-05-01,2,4.4060768530432455,4.4060768530432455,4.4060768530432455,1,drought,flood_or_wet,2005,4,2005,5
EVT00370,poyang,鄱阳湖流域,drought,2005-04-01,2005-04-01,1,1.6301414573786275,1.6301414573786275,1.6301414573786275,,,,2005,4,2005,4
EVT00371,poyang,鄱阳湖流域,flood_or_wet,2005-05-01,2005-05-01,1,2.7759353956646184,2.7759353956646184,2.7759353956646184,,,,2005,5,2005,5
EVT00372,poyang,鄱阳湖流域,drought,2005-08-01,2005-08-01,1,1.5586205698132725,1.5586205698132725,1.5586205698132725,,,,2005,8,2005,8
EVT00373,poyang,鄱阳湖流域,drought,2007-02-01,2007-02-01,1,1.1015078963786682,1.1015078963786682,1.1015078963786682,,,,2007,2,2007,2
EVT00374,poyang,鄱阳湖流域,drought,2007-05-01,2007-05-01,1,3.9008447578442658,3.9008447578442658,3.9008447578442658,,,,2007,5,2007,5
EVT00375,poyang,鄱阳湖流域,drought,2007-07-01,2007-07-01,1,2.9432099893031527,2.9432099893031527,2.9432099893031527,,,,2007,7,2007,7
EVT00376,poyang,鄱阳湖流域,drought,2007-11-01,2007-12-01,2,3.7423648183188964,2.75997321547087,5.51994643094174,,,,2007,11,2007,12
EVT00377,poyang,鄱阳湖流域,drought,2008-03-01,2008-03-01,1,1.988281887967851,1.988281887967851,1.988281887967851,,,,2008,3,2008,3
EVT00378,poyang,鄱阳湖流域,drought,2008-05-01,2008-05-01,1,2.3394082119926436,2.3394082119926436,2.3394082119926436,,,,2008,5,2008,5
EVT00379,poyang,鄱阳湖流域,drought,2008-12-01,2009-02-01,3,3.2597102900578716,3.173840327354806,9.521520982064418,,,,2008,12,2009,2
EVT00380,poyang,鄱阳湖流域,drought,2009-05-01,2009-06-01,2,3.1571982773173595,2.685821762716067,5.371643525432134,,,,2009,5,2009,6
EVT00381,poyang,鄱阳湖流域,drought,2009-10-01,2009-10-01,1,2.200814474853815,2.200814474853815,2.200814474853815,,,,2009,10,2009,10
EVT00382,poyang,鄱阳湖流域,flood_or_wet,2010-01-01,2010-02-01,2,2.010256273124864,1.729360291548989,3.458720583097978,,,,2010,1,2010,2
EVT00383,poyang,鄱阳湖流域,flood_or_wet,2010-04-01,2010-04-01,1,3.0265826815202463,3.0265826815202463,3.0265826815202463,,,,2010,4,2010,4
EVT00384,poyang,鄱阳湖流域,FTD,2010-06-01,2010-08-01,3,3.6250883275064956,3.6250883275064956,3.6250883275064956,2,flood_or_wet,drought,2010,6,2010,8
EVT00385,poyang,鄱阳湖流域,flood_or_wet,2010-06-01,2010-06-01,1,2.485902614701101,2.485902614701101,2.485902614701101,,,,2010,6,2010,6
EVT00386,poyang,鄱阳湖流域,drought,2010-08-01,2010-08-01,1,1.1391857128053944,1.1391857128053944,1.1391857128053944,,,,2010,8,2010,8
EVT00387,poyang,鄱阳湖流域,drought,2010-11-01,2010-11-01,1,2.646583905748039,2.646583905748039,2.646583905748039,,,,2010,11,2010,11
EVT00388,poyang,鄱阳湖流域,drought,2011-02-01,2011-05-01,4,5.175827761104468,3.3398083795526468,13.359233518210587,,,,2011,2,2011,5
EVT00389,poyang,鄱阳湖流域,flood_or_wet,2011-10-01,2011-10-01,1,1.4710806206275509,1.4710806206275509,1.4710806206275509,,,,2011,10,2011,10
EVT00390,poyang,鄱阳湖流域,flood_or_wet,2012-04-01,2012-04-01,1,2.16288510433179,2.16288510433179,2.16288510433179,,,,2012,4,2012,4
EVT00391,poyang,鄱阳湖流域,flood_or_wet,2012-06-01,2012-06-01,1,1.170441150533288,1.170441150533288,1.170441150533288,,,,2012,6,2012,6
EVT00392,poyang,鄱阳湖流域,flood_or_wet,2012-08-01,2012-09-01,2,2.278590040625554,1.9293034061508172,3.8586068123016344,,,,2012,8,2012,9
EVT00393,poyang,鄱阳湖流域,flood_or_wet,2012-11-01,2012-12-01,2,2.8036402396125477,2.518413812662723,5.036827625325446,,,,2012,11,2012,12
EVT00394,poyang,鄱阳湖流域,drought,2013-07-01,2013-08-01,2,2.21728667397504,1.9241094156253715,3.848218831250743,,,,2013,7,2013,8
EVT00395,poyang,鄱阳湖流域,DTF,2014-01-01,2014-03-01,3,4.673676308884762,4.673676308884762,4.673676308884762,2,drought,flood_or_wet,2014,1,2014,3
EVT00396,poyang,鄱阳湖流域,drought,2014-01-01,2014-01-01,1,2.6468514488190262,2.6468514488190262,2.6468514488190262,,,,2014,1,2014,1
EVT00397,poyang,鄱阳湖流域,flood_or_wet,2014-03-01,2014-03-01,1,2.026824860065735,2.026824860065735,2.026824860065735,,,,2014,3,2014,3
EVT00398,poyang,鄱阳湖流域,flood_or_wet,2014-05-01,2014-05-01,1,2.057677463251824,2.057677463251824,2.057677463251824,,,,2014,5,2014,5
EVT00399,poyang,鄱阳湖流域,flood_or_wet,2014-07-01,2014-08-01,2,2.719057954240097,2.4199430142867064,4.839886028573413,,,,2014,7,2014,8
EVT00400,poyang,鄱阳湖流域,FTD,2014-08-01,2014-10-01,3,4.299581701670433,4.299581701670433,4.299581701670433,2,flood_or_wet,drought,2014,8,2014,10
EVT00401,poyang,鄱阳湖流域,drought,2014-10-01,2014-10-01,1,1.5805237474303355,1.5805237474303355,1.5805237474303355,,,,2014,10,2014,10
EVT00402,poyang,鄱阳湖流域,DTF,2015-02-01,2015-03-01,2,3.325730752717127,3.325730752717127,3.325730752717127,1,drought,flood_or_wet,2015,2,2015,3
EVT00403,poyang,鄱阳湖流域,drought,2015-02-01,2015-02-01,1,2.2112985489258206,2.2112985489258206,2.2112985489258206,,,,2015,2,2015,2
EVT00404,poyang,鄱阳湖流域,FTD,2015-03-01,2015-04-01,2,2.8821097440143006,2.8821097440143006,2.8821097440143006,1,flood_or_wet,drought,2015,3,2015,4
EVT00405,poyang,鄱阳湖流域,flood_or_wet,2015-03-01,2015-03-01,1,1.1144322037913061,1.1144322037913061,1.1144322037913061,,,,2015,3,2015,3
EVT00406,poyang,鄱阳湖流域,DTF,2015-04-01,2015-05-01,2,4.93056424566272,4.93056424566272,4.93056424566272,1,drought,flood_or_wet,2015,4,2015,5
EVT00407,poyang,鄱阳湖流域,drought,2015-04-01,2015-04-01,1,1.7676775402229947,1.7676775402229947,1.7676775402229947,,,,2015,4,2015,4
EVT00408,poyang,鄱阳湖流域,flood_or_wet,2015-05-01,2015-05-01,1,3.162886705439725,3.162886705439725,3.162886705439725,,,,2015,5,2015,5
EVT00409,poyang,鄱阳湖流域,flood_or_wet,2015-07-01,2015-07-01,1,1.711359666840037,1.711359666840037,1.711359666840037,,,,2015,7,2015,7
EVT00410,poyang,鄱阳湖流域,flood_or_wet,2015-09-01,2016-01-01,5,4.434721552456787,3.5029893570055615,17.514946785027806,,,,2015,9,2016,1
EVT00411,poyang,鄱阳湖流域,flood_or_wet,2016-04-01,2016-06-01,3,3.5946520303983966,2.3488024000530876,7.046407200159263,,,,2016,4,2016,6
EVT00412,poyang,鄱阳湖流域,flood_or_wet,2016-09-01,2016-11-01,3,2.707029036265319,2.5251070123153183,7.5753210369459545,,,,2016,9,2016,11
EVT00413,poyang,鄱阳湖流域,DTF,2017-02-01,2017-03-01,2,4.814526133662119,4.814526133662119,4.814526133662119,1,drought,flood_or_wet,2017,2,2017,3
EVT00414,poyang,鄱阳湖流域,drought,2017-02-01,2017-02-01,1,2.217628274187624,2.217628274187624,2.217628274187624,,,,2017,2,2017,2
EVT00415,poyang,鄱阳湖流域,FTD,2017-03-01,2017-05-01,3,4.304459468448181,4.304459468448181,4.304459468448181,2,flood_or_wet,drought,2017,3,2017,5
EVT00416,poyang,鄱阳湖流域,flood_or_wet,2017-03-01,2017-03-01,1,2.5968978594744945,2.5968978594744945,2.5968978594744945,,,,2017,3,2017,3
EVT00417,poyang,鄱阳湖流域,DTF,2017-05-01,2017-06-01,2,6.502153073890863,6.502153073890863,6.502153073890863,1,drought,flood_or_wet,2017,5,2017,6
EVT00418,poyang,鄱阳湖流域,drought,2017-05-01,2017-05-01,1,1.7075616089736863,1.7075616089736863,1.7075616089736863,,,,2017,5,2017,5
EVT00419,poyang,鄱阳湖流域,flood_or_wet,2017-06-01,2017-06-01,1,4.794591464917177,4.794591464917177,4.794591464917177,,,,2017,6,2017,6
EVT00420,poyang,鄱阳湖流域,flood_or_wet,2017-08-01,2017-08-01,1,1.853929826705019,1.853929826705019,1.853929826705019,,,,2017,8,2017,8
EVT00421,poyang,鄱阳湖流域,drought,2018-04-01,2018-04-01,1,2.485667195737805,2.485667195737805,2.485667195737805,,,,2018,4,2018,4
EVT00422,poyang,鄱阳湖流域,drought,2018-06-01,2018-06-01,1,2.325626039156462,2.325626039156462,2.325626039156462,,,,2018,6,2018,6
EVT00423,poyang,鄱阳湖流域,flood_or_wet,2018-12-01,2018-12-01,1,2.4544991299915067,2.4544991299915067,2.4544991299915067,,,,2018,12,2018,12
EVT00424,poyang,鄱阳湖流域,flood_or_wet,2019-02-01,2019-02-01,1,3.5867965750379724,3.5867965750379724,3.5867965750379724,,,,2019,2,2019,2
EVT00425,poyang,鄱阳湖流域,flood_or_wet,2019-04-01,2019-04-01,1,1.4446694840379566,1.4446694840379566,1.4446694840379566,,,,2019,4,2019,4
EVT00426,poyang,鄱阳湖流域,FTD,2019-07-01,2019-08-01,2,7.666309392496596,7.666309392496596,7.666309392496596,1,flood_or_wet,drought,2019,7,2019,8
EVT00427,poyang,鄱阳湖流域,flood_or_wet,2019-07-01,2019-07-01,1,3.8747810213000156,3.8747810213000156,3.8747810213000156,,,,2019,7,2019,7
EVT00428,poyang,鄱阳湖流域,drought,2019-08-01,2019-12-01,5,3.7915283711965806,2.9857507207023573,14.928753603511787,,,,2019,8,2019,12
EVT00429,poyang,鄱阳湖流域,DTF,2019-11-01,2020-01-01,3,5.323381134295434,5.323381134295434,5.323381134295434,2,drought,flood_or_wet,2019,11,2020,1
EVT00430,poyang,鄱阳湖流域,DTF,2019-12-01,2020-01-01,2,3.7374170283553205,3.7374170283553205,3.7374170283553205,1,drought,flood_or_wet,2019,12,2020,1
EVT00431,poyang,鄱阳湖流域,flood_or_wet,2020-01-01,2020-01-01,1,1.672659969907684,1.672659969907684,1.672659969907684,,,,2020,1,2020,1
EVT00432,poyang,鄱阳湖流域,FTD,2020-03-01,2020-04-01,2,4.781406784728819,4.781406784728819,4.781406784728819,1,flood_or_wet,drought,2020,3,2020,4
EVT00433,poyang,鄱阳湖流域,flood_or_wet,2020-03-01,2020-03-01,1,2.703984143229799,2.703984143229799,2.703984143229799,,,,2020,3,2020,3
EVT00434,poyang,鄱阳湖流域,drought,2020-04-01,2020-04-01,1,2.0774226414990205,2.0774226414990205,2.0774226414990205,,,,2020,4,2020,4
EVT00435,poyang,鄱阳湖流域,flood_or_wet,2020-07-01,2020-07-01,1,2.4719297858829883,2.4719297858829883,2.4719297858829883,,,,2020,7,2020,7
EVT00436,poyang,鄱阳湖流域,FTD,2020-09-01,2020-11-01,3,5.40727639650523,5.40727639650523,5.40727639650523,2,flood_or_wet,drought,2020,9,2020,11
EVT00437,poyang,鄱阳湖流域,flood_or_wet,2020-09-01,2020-10-01,2,3.0923171440823563,2.10605421216936,4.21210842433872,,,,2020,9,2020,10
EVT00438,poyang,鄱阳湖流域,FTD,2020-10-01,2020-11-01,2,3.4347505326792374,3.4347505326792374,3.4347505326792374,1,flood_or_wet,drought,2020,10,2020,11
EVT00439,poyang,鄱阳湖流域,drought,2020-11-01,2020-11-01,1,2.3149592524228733,2.3149592524228733,2.3149592524228733,,,,2020,11,2020,11
EVT00440,poyang,鄱阳湖流域,drought,2021-01-01,2021-02-01,2,3.6412701774096288,2.4244365345192254,4.848873069038451,,,,2021,1,2021,2
EVT00441,poyang,鄱阳湖流域,flood_or_wet,2021-05-01,2021-05-01,1,2.7409704949356106,2.7409704949356106,2.7409704949356106,,,,2021,5,2021,5
EVT00442,poyang,鄱阳湖流域,flood_or_wet,2021-08-01,2021-08-01,1,2.8602520232170825,2.8602520232170825,2.8602520232170825,,,,2021,8,2021,8
EVT00443,poyang,鄱阳湖流域,flood_or_wet,2022-02-01,2022-02-01,1,2.6344426108412344,2.6344426108412344,2.6344426108412344,,,,2022,2,2022,2
EVT00444,poyang,鄱阳湖流域,FTD,2022-06-01,2022-08-01,3,6.191494528985732,6.191494528985732,6.191494528985732,2,flood_or_wet,drought,2022,6,2022,8
EVT00445,poyang,鄱阳湖流域,flood_or_wet,2022-06-01,2022-06-01,1,1.7454734094167241,1.7454734094167241,1.7454734094167241,,,,2022,6,2022,6
EVT00446,poyang,鄱阳湖流域,drought,2022-08-01,2022-10-01,3,4.643288874926947,4.059691443527842,12.179074330583527,,,,2022,8,2022,10
EVT00447,poyang,鄱阳湖流域,drought,2023-03-01,2023-03-01,1,3.228333898239314,3.228333898239314,3.228333898239314,,,,2023,3,2023,3
EVT00448,poyang,鄱阳湖流域,flood_or_wet,2023-08-01,2023-09-01,2,1.5494598761319422,1.536524220588716,3.073048441177432,,,,2023,8,2023,9
